{
  "validated_mean_sim": 0.30233579874038696,
  "null_sims": [
    0.24623613059520721,
    0.23884060978889465,
    0.23614086210727692,
    0.24238045513629913,
    0.23527395725250244,
    0.23519136011600494,
    0.24388161301612854,
    0.23803342878818512,
    0.23679356276988983,
    0.23776595294475555,
    0.23029884696006775,
    0.2303464561700821,
    0.22574415802955627,
    0.23651288449764252,
    0.21348582208156586,
    0.2253212183713913,
    0.21733547747135162,
    0.23269613087177277,
    0.2486993670463562,
    0.24308624863624573,
    0.24816802144050598,
    0.24946166574954987,
    0.22425764799118042,
    0.23953373730182648,
    0.23509542644023895,
    0.23224672675132751,
    0.2399509698152542,
    0.2243385761976242,
    0.2337987869977951,
    0.22720633447170258,
    0.23970605432987213,
    0.24031272530555725,
    0.24373847246170044,
    0.2327713668346405,
    0.23733657598495483,
    0.23096832633018494,
    0.24579985439777374,
    0.23741447925567627,
    0.22519385814666748,
    0.23549962043762207,
    0.23795035481452942,
    0.22262150049209595,
    0.22214852273464203,
    0.2417975813150406,
    0.21813683211803436,
    0.22641149163246155,
    0.23852398991584778,
    0.2395789474248886,
    0.22928106784820557,
    0.24871958792209625,
    0.22049523890018463,
    0.22156906127929688,
    0.23282575607299805,
    0.24125750362873077,
    0.25080451369285583,
    0.22764162719249725,
    0.23018652200698853,
    0.23185935616493225,
    0.23130102455615997,
    0.25000670552253723,
    0.23997411131858826,
    0.24146071076393127,
    0.22559861838817596,
    0.23529046773910522,
    0.2436520904302597,
    0.24461571872234344,
    0.23153677582740784,
    0.24210147559642792,
    0.2434069812297821,
    0.23474250733852386,
    0.22421132028102875,
    0.24549216032028198,
    0.23367200791835785,
    0.2442527413368225,
    0.23263958096504211,
    0.22313402593135834,
    0.2390722930431366,
    0.21087749302387238,
    0.23985062539577484,
    0.21766002476215363,
    0.2333141416311264,
    0.23882295191287994,
    0.2368185669183731,
    0.23007188737392426,
    0.2523408532142639,
    0.23640552163124084,
    0.23470531404018402,
    0.23586991429328918,
    0.23975138366222382,
    0.2243853509426117,
    0.2306184023618698,
    0.24591219425201416,
    0.24616268277168274,
    0.23368746042251587,
    0.24192093312740326,
    0.2284858077764511,
    0.24152186512947083,
    0.21947792172431946,
    0.24247290194034576,
    0.22677098214626312,
    0.24462953209877014,
    0.2361283302307129,
    0.2323586344718933,
    0.24021708965301514,
    0.24262705445289612,
    0.22923599183559418,
    0.23274105787277222,
    0.24782142043113708,
    0.22573891282081604,
    0.23449353873729706,
    0.21930095553398132,
    0.21624305844306946,
    0.23705509305000305,
    0.2554197907447815,
    0.2246050089597702,
    0.2307005524635315,
    0.23290196061134338,
    0.23574766516685486,
    0.2364051192998886,
    0.2361508160829544,
    0.22809167206287384,
    0.22581012547016144,
    0.24418914318084717,
    0.22409816086292267,
    0.22765512764453888,
    0.23542924225330353,
    0.22538794577121735,
    0.21605756878852844,
    0.2249126434326172,
    0.24181842803955078,
    0.25171226263046265,
    0.24875007569789886,
    0.23675280809402466,
    0.23228099942207336,
    0.21737463772296906,
    0.2418486475944519,
    0.24525198340415955,
    0.23036211729049683,
    0.2357788234949112,
    0.23436304926872253,
    0.23811863362789154,
    0.23615114390850067,
    0.24142247438430786,
    0.2363077998161316,
    0.2370070219039917,
    0.23220303654670715,
    0.2331634908914566,
    0.23634348809719086,
    0.24861447513103485,
    0.23235346376895905,
    0.22844430804252625,
    0.24372965097427368,
    0.22955384850502014,
    0.21919389069080353,
    0.22372792661190033,
    0.23086297512054443,
    0.22764833271503448,
    0.2332543283700943,
    0.24214346706867218,
    0.24113066494464874,
    0.22229847311973572,
    0.24005553126335144,
    0.24770916998386383,
    0.23972511291503906,
    0.23083710670471191,
    0.23887670040130615,
    0.23787489533424377,
    0.23117519915103912,
    0.24273177981376648,
    0.25720202922821045,
    0.23821847140789032,
    0.23735515773296356,
    0.2435852438211441,
    0.23612678050994873,
    0.22370988130569458,
    0.25088590383529663,
    0.25396597385406494,
    0.23152709007263184,
    0.22266404330730438,
    0.23999306559562683,
    0.23335300385951996,
    0.21475179493427277,
    0.2361406683921814,
    0.2520100176334381,
    0.24043425917625427,
    0.23118223249912262,
    0.23425288498401642,
    0.24182869493961334,
    0.23328597843647003,
    0.2320631593465805,
    0.2321034073829651,
    0.23159219324588776,
    0.25387659668922424,
    0.2500244081020355,
    0.23898036777973175,
    0.21667516231536865,
    0.24636125564575195,
    0.2376507818698883,
    0.22756518423557281,
    0.23603947460651398,
    0.2312035858631134,
    0.21976669132709503,
    0.23684605956077576,
    0.22765640914440155,
    0.24649284780025482,
    0.2373093068599701,
    0.22314436733722687,
    0.2566600739955902,
    0.23162683844566345,
    0.23723775148391724,
    0.24610693752765656,
    0.24698469042778015,
    0.24951042234897614,
    0.2447172999382019,
    0.23038601875305176,
    0.22692984342575073,
    0.23078660666942596,
    0.24040505290031433,
    0.24397782981395721,
    0.22901511192321777,
    0.23224610090255737,
    0.23610374331474304,
    0.22756770253181458,
    0.23957033455371857,
    0.23965740203857422,
    0.23626799881458282,
    0.22971267998218536,
    0.23466669023036957,
    0.24229097366333008,
    0.24082133173942566,
    0.22687877714633942,
    0.21601851284503937,
    0.24702776968479156,
    0.2397434413433075,
    0.2207319289445877,
    0.26355990767478943,
    0.22836759686470032,
    0.25697416067123413,
    0.2560180723667145,
    0.21898825466632843,
    0.23602275550365448,
    0.22463364899158478,
    0.23318880796432495,
    0.23429983854293823,
    0.23430445790290833,
    0.23181721568107605,
    0.23501701653003693,
    0.23334351181983948,
    0.24068599939346313,
    0.24047152698040009,
    0.2365414798259735,
    0.22606034576892853,
    0.2491966187953949,
    0.2390909641981125,
    0.2410127818584442,
    0.25073251128196716,
    0.22618398070335388,
    0.24619892239570618,
    0.25294700264930725,
    0.23690253496170044,
    0.24531656503677368,
    0.22954659163951874,
    0.21982687711715698,
    0.22597195208072662,
    0.24360691010951996,
    0.23841360211372375,
    0.21876971423625946,
    0.2425355762243271,
    0.2365286946296692,
    0.2213108092546463,
    0.23603039979934692,
    0.23206211626529694,
    0.2321723997592926,
    0.22682523727416992,
    0.23174315690994263,
    0.2471989393234253,
    0.23575077950954437,
    0.2232087403535843,
    0.2273387610912323,
    0.2347436398267746,
    0.2274206429719925,
    0.22928239405155182,
    0.2357020080089569,
    0.24080730974674225,
    0.23860085010528564,
    0.22689658403396606,
    0.24854342639446259,
    0.23646950721740723,
    0.23062844574451447,
    0.23615209758281708,
    0.22816230356693268,
    0.23549628257751465,
    0.23457282781600952,
    0.2242439240217209,
    0.24639396369457245,
    0.24462218582630157,
    0.24055874347686768,
    0.2414855659008026,
    0.23952144384384155,
    0.2359379380941391,
    0.22353218495845795,
    0.2330489158630371,
    0.24110499024391174,
    0.24736110866069794,
    0.22858193516731262,
    0.2494707703590393,
    0.24385643005371094,
    0.21576042473316193,
    0.25164809823036194,
    0.2368306815624237,
    0.2340809553861618,
    0.23741932213306427,
    0.24100996553897858,
    0.23011906445026398,
    0.24257029592990875,
    0.2536938786506653,
    0.2228103131055832,
    0.24066497385501862,
    0.2321147471666336,
    0.2411719262599945,
