{
  "observed_diff": 0.08606113746717359,
  "p_perm": 9.999000099990002e-05,
  "auc": 0.6861206807116205,
  "auc_ci": [
    0.6412769396369656,
    0.7300798439399329
  ]
}