{
  "cohens_d": 0.6634503747117365,
  "diff_ci": [
    0.06547582321481546,
    0.10634105356016312
  ]
}